Id,bikes
1,1.570996287
2,3.493051832
3,5.641052008
4,3.690212432
5,3.178349382
6,12.24892866
7,4.630508284
8,3.688752635
9,2.654697185
10,2.448790331
11,8.78602439
12,7.54117709
13,3.2971684
14,5.977313017
15,3.528917464
16,1.4045298
17,2.507037641
18,1.253967245
19,8.538535251
20,2.718044537
21,7.001396578
22,4.840939414
23,2.608750426
24,5.314858349
25,4.370827312
26,12.4624475
27,4.228209836
28,3.211570703
29,4.749150064
30,1.309198834
31,1.566263933
32,4.650095479
33,2.41129992
34,3.047905515
35,2.361681918
36,6.709139243
37,6.515571663
38,2.969997243
39,5.101431664
40,3.515299401
41,1.701193969
42,1.9487539
43,4.418648949
44,4.412591317
45,5.462254874
46,2.589371811
47,5.761329351
48,5.310851877
49,3.665835845
50,2.450771065
51,4.357506044
52,4.554660689
53,2.690889899
54,1.987264057
55,3.17505518
56,4.406290326
57,2.088622845
58,4.294852324
59,3.995252759
60,3.378651157
61,1.511762178
62,11.67142094
63,7.327609027
64,16.29351116
65,0.948939896
66,1.927591604
67,3.004837645
68,1.060699336
69,3.617449223
70,2.71251595
71,6.916682331
72,13.44048419
73,15.30976035
74,0.504622103
75,7.33816611
76,4.58405522
77,6.29899153
78,3.559225443
79,6.934575123
80,1.700082968
81,3.604746504
82,7.549475405
83,0.641270495
84,11.24500914
85,3.626733309
86,6.083847293
87,2.536965748
88,0.736542692
89,3.908395945
90,5.038783349
91,21.48039923
92,14.50287566
93,5.449520885
94,14.7394528
95,7.507074805
96,4.554969419
97,6.909214361
98,13.3023185
99,17.36112532
100,1.002241587
101,2.203710437
102,12.4032665
103,4.666342688
104,17.22553921
105,12.52967174
106,3.243982464
107,5.601767434
108,3.904748365
109,12.40085393
110,14.43792648
111,13.67126328
112,15.60860893
113,13.63142132
114,8.147841489
115,9.370545076
116,21.13759127
117,7.667392838
118,7.913903862
119,20.22626216
120,5.891571678
121,2.737154184
122,10.18892308
123,6.68637095
124,4.707864254
125,7.880008391
126,4.736640909
127,11.78450737
128,2.648072897
129,2.899621521
130,5.068112716
131,12.28705344
132,10.42532651
133,9.433449383
134,7.464941898
135,2.855238143
136,12.15202038
137,5.061299526
138,1.906176739
139,2.028566638
140,7.685179944
141,2.624461193
142,3.966050104
143,2.801665662
144,6.916799916
145,8.87144899
146,7.144691971
147,6.086329713
148,7.203163786
149,3.156944421
150,4.354840666
151,0.268871484
152,8.47201777
153,0.338895133
154,17.67734522
155,6.118113274
156,8.832627341
157,5.499410796
158,19.98918412
159,1.14455171
160,16.90137474
161,0.300161503
162,5.096774154
163,3.968969367
164,8.179339657
165,3.717211791
166,19.61886363
167,1.527140922
168,1.580604546
169,15.07771007
170,5.996235161
171,13.70398591
172,7.751583185
173,3.455780551
174,11.66372388
175,12.49464665
176,13.80864419
177,3.588165615
178,5.393557076
179,1.591927816
180,9.08264354
181,2.033143395
182,0.522180229
183,6.731125225
184,1.17823855
185,3.165368862
186,2.130541067
187,0.544408047
188,8.744351788
189,1.595135178
190,3.25358942
191,3.764646526
192,8.997372851
193,4.416320511
194,3.40668372
195,3.235530202
196,1.128469905
197,8.000394759
198,8.911162221
199,3.052845033
200,11.87916105
201,10.83437203
202,3.365538439
203,6.647174263
204,14.85347466
205,12.77381543
206,6.112182175
207,6.579037132
208,2.193851656
209,10.07970462
210,2.516248003
211,0.40982878
212,0.862775806
213,5.989723379
214,3.927648692
215,3.376314607
216,13.49803286
217,4.714550901
218,16.62763532
219,11.21005446
220,13.20434703
221,0.522465374
222,12.26819521
223,5.023224946
224,3.939414877
225,27.1908962
226,5.889392726
227,0.653353587
228,2.137350744
229,22.68974669
230,0.906172301
231,3.743306643
232,2.56808166
233,1.836885148
234,17.6939653
235,13.45242245
236,10.60331569
237,2.513111178
238,6.947148935
239,24.26055675
240,2.472037173
241,5.653733322
242,2.940372036
243,11.06298331
244,5.601817244
245,3.312850306
246,4.530207869
247,4.786782636
248,5.14001339
249,4.594488463
250,2.751085279
251,2.888817004
252,3.173491997
253,6.556362493
254,2.982569035
255,15.46061583
256,13.42214851
257,10.06716613
258,3.786438812
259,3.040241054
260,9.81279994
261,3.001010381
262,4.294636079
263,3.734376026
264,8.680534714
265,9.704988525
266,4.346026841
267,10.60082311
268,7.375760195
269,12.89099682
270,3.979422182
271,4.218882692
272,2.380855411
273,1.95321611
274,15.05476854
275,2.367972604
276,6.154598286
277,3.449730371
278,6.227759174
279,3.264028976
280,1.544324605
281,4.871584822
282,2.844825428
283,2.610894019
284,5.823346603
285,12.05046821
286,3.856957925
287,2.070152932
288,1.575681866
289,1.898905556
290,6.488972154
291,1.824755784
292,2.331549956
293,2.983920109
294,3.031964526
295,3.944320155
296,6.050042916
297,2.359196355
298,2.885948892
299,4.654270665
300,2.313721649
301,2.603611666
302,3.512083928
303,2.877798542
304,4.388114318
305,3.468233192
306,3.450393041
307,2.144738836
308,2.000022241
309,3.072316058
310,3.080231826
311,2.186365473
312,2.505577449
313,2.187251627
314,2.006110954
315,3.530781613
316,2.218088932
317,1.673978915
318,4.130714692
319,2.571416064
320,1.548733385
321,1.854963468
322,1.802088425
323,8.928671767
324,5.335796954
325,3.715374766
326,5.026044446
327,2.711805679
328,2.488685303
329,3.207579316
330,3.395182784
331,3.007009178
332,14.84562691
333,4.79047319
334,1.793646303
335,4.374372613
336,2.27359847
337,11.8958994
338,15.56901218
339,6.027398721
340,0.957337713
341,17.95540395
342,7.356298829
343,0.466493348
344,13.62158461
345,0.612822544
346,2.454703942
347,1.475891551
348,19.78911881
349,7.145386347
350,10.10141728
351,5.639441376
352,11.87364651
353,8.205915912
354,3.826727801
355,2.312192631
356,6.44965008
357,8.988112372
358,8.580286112
359,13.53340974
360,9.987341831
361,1.750179997
362,4.972954733
363,1.999165678
364,3.778833931
365,3.805958659
366,0.735058834
367,2.357266418
368,7.499698981
369,2.405404462
370,3.015368421
371,7.701084389
372,3.835134533
373,5.125680717
374,5.269194021
375,13.40868303
376,8.999460506
377,2.809439978
378,5.572975894
379,3.823690798
380,3.735387823
381,5.319684825
382,13.1831593
383,5.13219841
384,9.984842198
385,10.31677818
386,3.940865497
387,7.809062485
388,4.804811671
389,11.79430815
390,4.522703029
391,0.903182732
392,6.536957271
393,6.934171897
394,10.12303274
395,3.355966646
396,2.986896494
397,13.98234598
398,14.68791965
399,17.98805608
400,8.21515508
401,6.252906878
402,6.816040366
403,7.943033661
404,8.753186489
405,12.89984968
406,6.614203721
407,9.348076492
408,15.41575572
409,7.362526828
410,10.28938781
411,1.817979438
412,8.154280504
413,11.33349157
414,8.477116969
415,10.31581507
416,8.657663886
417,9.466847821
418,6.869004692
419,2.448707899
420,16.31732412
421,8.326085559
422,5.128282881
423,9.820410219
424,1.560819736
425,3.870944625
426,5.981006431
427,7.05178681
428,11.4846998
429,13.48506757
430,14.02933589
431,15.51884281
432,1.385714762
433,10.1534203
434,6.262975306
435,5.05284828
436,6.068333855
437,11.57706227
438,4.512711584
439,9.44293807
440,8.385864064
441,5.433942295
442,4.420228178
443,2.037614821
444,8.107424989
445,8.985763468
446,8.720335542
447,8.03041499
448,10.7073879
449,5.345728876
450,4.27672378
451,1.099636669
452,5.649485927
453,4.620332182
454,1.788282116
455,8.926347475
456,9.991721584
457,3.194797709
458,1.985811023
459,5.222613724
460,4.488286849
461,6.957661054
462,5.163588022
463,12.6646664
464,5.317845026
465,8.794945566
466,10.43830761
467,5.214974297
468,1.529443073
469,10.04804503
470,9.55031844
471,11.034909
472,2.927567242
473,2.503165803
474,8.36853281
475,1.240083025
476,5.987995357
477,3.310529771
478,4.347467811
479,0.985833378
480,5.099435879
481,5.487599752
482,3.448649663
483,8.177050422
484,3.947139838
485,1.970277618
486,11.25557861
487,9.120984985
488,3.510912031
489,13.26425347
490,7.274940773
491,9.441305977
492,10.48904132
493,1.561979265
494,1.895799307
495,5.026660297
496,6.300235493
497,4.886333764
498,3.477106213
499,12.92946871
500,5.791168622
501,8.918243514
502,4.584172215
503,12.47226443
504,12.92957639
505,14.15652328
506,10.11071113
507,3.78156344
508,2.906020095
509,6.550632793
510,1.354277061
511,2.726495572
512,10.11500724
513,15.77620611
514,12.50518067
515,8.566581144
516,4.950766528
517,16.31115706
518,8.182166999
519,8.520144051
520,9.976687104
521,9.393636868
522,11.39301065
523,10.47488682
524,14.43022054
525,4.101844085
526,15.7072183
527,5.053163132
528,9.691428367
529,14.02579545
530,10.75835649
531,3.29008087
532,10.9964148
533,5.216393781
534,9.46368052
535,16.22484411
536,12.25932538
537,3.109904464
538,7.18355274
539,9.653700037
540,4.55186307
541,17.60875629
542,22.39571204
543,23.86158046
544,20.42595778
545,11.84754796
546,22.60272767
547,22.18981113
548,20.30536133
549,19.58931973
550,21.61517334
551,15.26974508
552,13.09219121
553,21.92030963
554,16.75642473
555,15.55472191
556,9.549725738
557,12.44266816
558,21.86296879
559,18.64965555
560,16.96626515
561,8.198078612
562,8.367633976
563,12.90151764
564,7.111241466
565,18.95126055
566,17.79087373
567,21.98021854
568,18.58709051
569,17.32175356
570,15.38461483
571,10.51119842
572,7.682205874
573,12.24122939
574,7.509209865
575,9.449009024
576,8.457170407
577,13.28848275
578,13.77629493
579,13.74385134
580,9.40081417
581,8.053253826
582,11.48474418
583,13.34521923
584,7.31621009
585,5.16886613
586,5.9580647
587,14.02789755
588,7.366302208
589,6.778566414
590,3.163360683
591,4.767263753
592,7.992137254
593,5.932941141
594,6.976363075
595,8.345544889
596,10.45889816
597,12.15006406
598,10.2890172
599,9.348301885
600,13.60045391
601,4.667666209
602,6.216566875
603,4.902264344
604,2.858594255
605,13.11124902
606,7.220907308
607,11.59380651
608,10.86815007
609,6.695249322
610,11.46835083
611,1.952278532
612,9.994210057
613,5.719229319
614,4.333404841
615,10.8675867
616,4.259842216
617,11.12473977
618,13.67147121
619,6.813480811
620,2.886455727
621,8.140104827
622,7.596774439
623,13.00917252
624,5.812576516
625,9.649813475
626,5.459023555
627,3.877111416
628,11.94203663
629,12.67228383
630,10.05478939
631,13.03352393
632,19.35838073
633,13.66611556
634,5.776278841
635,18.75584285
636,19.77270457
637,6.87368381
638,4.759913468
639,16.47614319
640,17.80801069
641,8.792093811
642,16.4592608
643,11.38283862
644,5.638304942
645,3.064477078
646,3.35216648
647,15.16880122
648,16.57867586
649,7.484103367
650,11.61179033
651,13.78461116
652,13.82811643
653,16.79628261
654,9.361330729
655,12.2466918
656,16.76224963
657,13.41962325
658,3.077043653
659,14.18503439
660,4.387754031
661,5.519726212
662,3.701862348
663,7.818913853
664,5.901961383
665,3.641952685
666,3.349281908
667,8.209475907
668,3.957711138
669,5.98541635
670,2.787000025
671,5.589655733
672,3.935940166
673,7.232261529
674,13.98670926
675,4.582801201
676,1.637305874
677,6.635158077
678,5.230117289
679,13.40400052
680,13.9620452
681,8.686980975
682,6.387893646
683,3.214823288
684,2.83360463
685,6.00925678
686,8.988666609
687,4.158367909
688,4.781277551
689,9.126614245
690,9.804170958
691,10.84675226
692,14.86086349
693,5.937421386
694,18.28638736
695,8.23780423
696,19.07701515
697,4.101419558
698,8.823594458
699,17.35615016
700,6.683523965
701,11.0899305
702,6.522747035
703,2.252025821
704,18.56870145
705,7.506214182
706,15.75607637
707,11.9249502
708,17.48711257
709,4.584840896
710,2.41366641
711,7.114156188
712,7.270103172
713,18.40638985
714,17.55449352
715,18.50671673
716,8.856546489
717,7.294813941
718,5.548948077
719,12.94657757
720,13.83099875
721,10.80592734
722,8.198345776
723,8.919476264
724,4.508947646
725,7.336872052
726,6.731402084
727,13.66530905
728,6.058886715
729,10.59126432
730,11.47723966
731,10.33889981
732,9.375257277
733,4.28404175
734,7.183840283
735,6.614059239
736,9.203699958
737,3.993417831
738,9.962875299
739,6.457928218
740,8.695124256
741,6.785540589
742,5.615671212
743,6.125966315
744,7.778768841
745,13.09876895
746,5.877905711
747,3.247445184
748,11.05869919
749,2.423169235
750,11.83988782
751,17.52317977
752,22.62707317
753,6.062235625
754,16.32174289
755,19.16277693
756,20.78152123
757,10.89774925
758,10.75025254
759,21.97172113
760,12.76986516
761,17.58314613
762,12.98147274
763,8.813432106
764,15.74703119
765,7.038444275
766,22.44084828
767,3.995708492
768,15.54419108
769,11.94876442
770,20.6788638
771,21.96869321
772,12.65423323
773,21.65757323
774,17.95737687
775,19.22030688
776,13.17538331
777,8.356193494
778,20.17377178
779,12.89742825
780,18.05096942
781,9.782598404
782,5.859303558
783,14.19102676
784,10.82143268
785,11.58711538
786,14.32266501
787,10.52212661
788,12.57167131
789,5.658650965
790,10.03176598
791,5.105636921
792,5.211765818
793,3.272727135
794,10.37912136
795,13.67607677
796,9.261498847
797,11.25230192
798,9.246889692
799,6.037734201
800,8.789116523
801,5.203366034
802,7.677839747
803,6.909863252
804,10.83699394
805,10.20658229
806,12.66795839
807,10.08502695
808,11.63529246
809,10.69371541
810,3.414825132
811,7.092944872
812,7.133922908
813,13.42361897
814,1.457682441
815,2.512512153
816,7.575770377
817,0.846224174
818,12.26393079
819,7.046982705
820,11.45815378
821,7.81780989
822,9.06165837
823,8.035148083
824,1.452077324
825,7.877668933
826,15.39595346
827,7.166528752
828,8.868710067
829,7.738355878
830,15.36302996
831,12.18286719
832,11.76948914
833,8.071065864
834,16.60617202
835,13.18573506
836,5.649903295
837,9.497064205
838,7.097762428
839,4.391177258
840,6.592887396
841,14.62660938
842,17.09678695
843,7.623342466
844,5.160661253
845,20.20170833
846,4.993179849
847,11.77705376
848,15.61798668
849,9.565886543
850,9.044207815
851,9.174318289
852,11.6397973
853,13.04750622
854,15.39798428
855,16.44839189
856,7.57773772
857,15.62139961
858,18.08444336
859,9.675774689
860,13.35604342
861,7.977236269
862,13.33252169
863,5.379977002
864,15.45769615
865,17.67456847
866,11.38812201
867,9.092523584
868,4.051794928
869,9.774652806
870,8.469076394
871,21.86679639
872,3.830021806
873,9.241569519
874,8.379613014
875,17.80771291
876,23.0573493
877,7.922500458
878,24.95824227
879,11.65097248
880,8.857710338
881,3.469315782
882,13.37441461
883,22.48136212
884,6.57192353
885,25.97457505
886,4.971540851
887,12.51301309
888,20.65892405
889,26.18415624
890,25.37525058
891,21.29605756
892,21.94753792
893,24.74137501
894,14.56007348
895,10.36309935
896,20.32754034
897,11.62024608
898,27.14594712
899,26.29654992
900,11.73705068
901,1.551302532
902,13.01660076
903,1.953184922
904,8.243606656
905,6.317211148
906,4.03121953
907,16.84244927
908,1.688252679
909,2.662376823
910,15.98819193
911,3.397851636
912,5.773225266
913,3.725784718
914,5.480608202
915,14.87948588
916,4.842380085
917,5.445936792
918,14.24963474
919,15.59305448
920,10.28988969
921,16.6095016
922,12.35148377
923,4.176588528
924,6.405814674
925,6.098650804
926,16.5319058
927,3.738033562
928,5.502318146
929,4.413406149
930,11.21805631
931,9.414042883
932,5.349845542
933,12.49447081
934,5.633656469
935,12.70270761
936,11.01681275
937,10.89436801
938,10.92306095
939,5.898902434
940,6.617176077
941,3.372786026
942,5.780437638
943,3.419892941
944,7.854692702
945,5.245370092
946,8.070333685
947,11.21185124
948,5.951143452
949,12.94001323
950,5.148107905
951,10.967451
952,11.71079024
953,9.724931519
954,12.37970665
955,9.642050003
956,5.243736569
957,8.521867198
958,5.467353629
959,8.582139328
960,6.206779333
961,10.03025019
962,22.4221111
963,2.274415413
964,29.90166579
965,30.61115057
966,18.41906109
967,30.70069073
968,15.5005388
969,31.39817726
970,2.895540941
971,29.90678698
972,3.213908353
973,14.78711909
974,29.09927204
975,12.56364511
976,4.41316374
977,2.352806463
978,18.518708
979,2.064139253
980,16.79314338
981,31.57581864
982,20.31413746
983,4.522280217
984,18.96819795
985,19.93805894
986,14.6729745
987,18.33083765
988,2.606691424
989,20.47306245
990,12.03676618
991,2.53992391
992,9.908249376
993,10.96526016
994,5.755381131
995,12.11836134
996,12.06811024
997,14.37154323
998,8.491287617
999,9.284954825
1000,5.056532376
1001,13.85218312
1002,8.786907186
1003,3.240521167
1004,11.15085365
1005,14.4869716
1006,4.942258812
1007,5.719461585
1008,5.877313339
1009,8.747566836
1010,9.779207958
1011,5.623988256
1012,13.6972844
1013,15.87101495
1014,11.31442525
1015,5.909979785
1016,10.35756592
1017,3.696013858
1018,6.440866676
1019,10.23359186
1020,9.375095181
1021,13.65145451
1022,7.886684715
1023,9.371076088
1024,10.95181414
1025,5.316995341
1026,10.35192904
1027,5.27306774
1028,10.45405342
1029,1.92785406
1030,6.529502155
1031,11.40602039
1032,10.66631573
1033,12.78267168
1034,3.409203804
1035,13.0661175
1036,3.77300222
1037,5.004059788
1038,12.92250635
1039,8.538094808
1040,14.56575599
1041,8.935022018
1042,8.905942294
1043,5.894141409
1044,10.16360653
1045,10.14349292
1046,7.824941562
1047,13.85016553
1048,10.97822541
1049,12.95650892
1050,14.2250709
1051,3.532984005
1052,4.105931315
1053,4.887170503
1054,4.121284643
1055,7.087067119
1056,4.431873366
1057,6.855941992
1058,6.785130471
1059,11.09876297
1060,6.364756433
1061,5.462472679
1062,12.50472228
1063,4.123811282
1064,12.22315887
1065,2.956568208
1066,5.755808092
1067,3.292650279
1068,3.607727214
1069,5.403238222
1070,4.035383592
1071,3.0223039
1072,3.090040078
1073,5.582149878
1074,7.225905226
1075,7.432470009
1076,3.347320919
1077,7.606033982
1078,1.904324048
1079,3.516622136
1080,5.703399145
1081,4.310535677
1082,18.44024376
1083,13.71789282
1084,8.957393585
1085,5.503006822
1086,1.472744301
1087,7.962887038
1088,3.328321661
1089,12.64305362
1090,10.18208387
1091,13.53163226
1092,3.283077718
1093,3.654006983
1094,2.917608573
1095,3.529104869
1096,2.291716457
1097,9.82619807
1098,9.010522628
1099,12.78147927
1100,8.877684957
1101,12.55724368
1102,3.380692303
1103,3.862754578
1104,4.8870663
1105,14.42995579
1106,8.840940015
1107,1.335597862
1108,9.611867658
1109,9.607466256
1110,3.017652889
1111,3.620359606
1112,0.845863172
1113,3.208106339
1114,5.409132584
1115,2.726265656
1116,2.012168744
1117,7.973295808
1118,4.137944906
1119,2.950979434
1120,5.309435854
1121,4.026560282
1122,6.833718368
1123,3.565329812
1124,10.03071169
1125,4.138358327
1126,4.452780297
1127,4.474265225
1128,3.953472973
1129,5.821726795
1130,9.742688975
1131,2.699942783
1132,7.102552335
1133,7.263368993
1134,3.192931857
1135,5.9183317
1136,4.197912351
1137,9.604448202
1138,4.853318202
1139,7.412854
1140,3.434004744
1141,7.728909591
1142,5.305082891
1143,14.88492609
1144,4.224549137
1145,6.347589221
1146,14.12350651
1147,11.9313648
1148,6.023742501
1149,8.436380078
1150,11.51608937
1151,5.10266313
1152,7.2988751
1153,4.849763706
1154,4.421043978
1155,11.05627662
1156,11.04546619
1157,4.816397996
1158,7.781945703
1159,16.25530003
1160,9.463823903
1161,9.726546866
1162,8.983714744
1163,5.276469839
1164,13.20374234
1165,11.72415455
1166,12.66174724
1167,3.070088276
1168,13.20010684
1169,13.54844913
1170,11.74453471
1171,8.594671866
1172,3.899134914
1173,7.599013363
1174,13.59451067
1175,2.358159586
1176,3.192755896
1177,7.236467866
1178,5.792165883
1179,14.16485196
1180,7.408398293
1181,2.90166744
1182,1.247068684
1183,18.58855408
1184,5.062067504
1185,6.798573889
1186,18.0985306
1187,11.09161317
1188,13.44158207
1189,11.34482209
1190,14.93516421
1191,14.89341959
1192,8.001231465
1193,8.125203391
1194,16.82363709
1195,10.35006898
1196,8.041067087
1197,11.78738408
1198,6.682878087
1199,6.708743819
1200,4.4135312
1201,5.761290061
1202,7.042049245
1203,7.599945499
1204,9.715689231
1205,12.76517411
1206,10.37702436
1207,13.92195391
1208,6.751504548
1209,8.665901871
1210,6.146495995
1211,10.26221053
1212,12.37328487
1213,13.72355615
1214,8.855634092
1215,3.93993116
1216,9.893360681
1217,10.01359893
1218,8.603390628
1219,10.89914282
1220,4.471291248
1221,5.845943649
1222,9.329551984
1223,9.2391299
1224,6.853066363
1225,6.39697951
1226,8.962868122
1227,12.30655571
1228,11.53219765
1229,9.195767842
1230,10.37875411
1231,11.54849637
1232,12.96238089
1233,11.82592294
1234,14.16616123
1235,11.33889933
1236,10.29993167
1237,13.05261873
1238,5.317293618
1239,14.14198474
1240,10.03774283
1241,7.996329456
1242,10.96672927
1243,6.5058666
1244,4.42839108
1245,13.48642228
1246,3.564194718
1247,10.47582477
1248,10.7151053
1249,10.63413208
1250,7.826224756
1251,13.42848076
1252,12.45522771
1253,12.48752083
1254,13.63075943
1255,4.118270504
1256,4.858299247
1257,4.330891714
1258,9.647167596
1259,11.01867728
1260,12.5605182
1261,12.25696463
1262,10.11521536
1263,4.424853595
1264,5.199372364
1265,15.82949906
1266,14.10950552
1267,5.115793042
1268,14.92745683
1269,15.17186305
1270,15.07483676
1271,7.948319018
1272,11.11915986
1273,16.14442686
1274,11.59406584
1275,3.515863101
1276,14.70279975
1277,13.72071631
1278,17.96161712
1279,8.936150162
1280,11.2962882
1281,8.576206514
1282,13.56052571
1283,10.02649394
1284,7.877664699
1285,11.63558284
1286,7.901041055
1287,10.42128216
1288,11.8054969
1289,13.16990779
1290,13.10472942
1291,10.93239134
1292,8.784274138
1293,8.424526206
1294,7.717563057
1295,11.29679788
1296,11.2694223
1297,5.907921582
1298,11.11747157
1299,13.1212886
1300,7.229605459
1301,10.65281463
1302,10.37351707
1303,7.720402331
1304,5.868332279
1305,11.3056225
1306,13.93475525
1307,3.780998435
1308,13.80356039
1309,12.2123888
1310,5.490976499
1311,10.51435174
1312,6.861713625
1313,7.942279207
1314,13.30614866
1315,5.960028676
1316,4.446308805
1317,5.474459099
1318,4.894829943
1319,9.131557696
1320,12.56246583
1321,4.930417931
1322,2.340970514
1323,5.147238193
1324,1.470234002
1325,2.987471693
1326,8.421449809
1327,4.552350337
1328,2.659592233
1329,2.782088259
1330,9.499013373
1331,4.519590931
1332,10.4130059
1333,0.835945027
1334,5.08377384
1335,5.417876576
1336,9.300259783
1337,7.429257168
1338,12.22778796
1339,7.583814739
1340,2.650045027
1341,4.377256804
1342,2.99698378
1343,11.10217318
1344,3.927283075
1345,6.128497192
1346,9.20879321
1347,1.445166159
1348,4.151845624
1349,1.146096506
1350,5.225094059
1351,8.040861967
1352,6.931577379
1353,9.308740321
1354,3.36981684
1355,6.907188186
1356,8.085077911
1357,3.049297958
1358,3.525491798
1359,12.83328553
1360,5.502979433
1361,1.030528388
1362,3.790957057
1363,4.461813537
1364,3.73552124
1365,3.46304695
1366,8.512053163
1367,6.490874198
1368,6.526309873
1369,2.497249388
1370,3.434187405
1371,12.98833942
1372,6.284931203
1373,5.715036719
1374,1.709948323
1375,2.83683337
1376,4.029964731
1377,2.563916866
1378,4.655502307
1379,2.956661991
1380,4.359369116
1381,4.725575899
1382,9.13383553
1383,6.88310768
1384,11.53223126
1385,7.751221477
1386,3.352709721
1387,7.616584842
1388,4.266460115
1389,2.363280819
1390,7.646157587
1391,3.906418155
1392,4.178077423
1393,3.365188114
1394,8.71453728
1395,6.581848994
1396,8.019738467
1397,5.326190348
1398,7.350890204
1399,11.03036529
1400,13.2293725
1401,6.879414962
1402,12.3032138
1403,13.30228764
1404,11.64987927
1405,10.36844139
1406,2.799416339
1407,6.351128215
1408,4.200931101
1409,8.194246738
1410,5.571464401
1411,14.35537874
1412,15.29127999
1413,4.415155347
1414,11.78616148
1415,21.48028386
1416,10.68114201
1417,9.169904687
1418,19.90175604
1419,13.76560466
1420,8.310235202
1421,11.48293589
1422,13.20612176
1423,4.435892937
1424,19.18353855
1425,4.078452719
1426,3.262849949
1427,3.307010026
1428,8.282410378
1429,9.609908992
1430,11.66663736
1431,6.886841445
1432,11.60197906
1433,8.813070605
1434,8.007624879
1435,16.22376232
1436,9.701929713
1437,15.92696613
1438,6.591871126
1439,14.36854352
1440,4.66158322
1441,2.178805313
1442,0.486805468
1443,2.444191311
1444,36.15078658
1445,0.699558416
1446,9.717287746
1447,34.92204524
1448,11.71356512
1449,0.586791785
1450,5.224002945
1451,4.309525978
1452,0.235638645
1453,11.56468516
1454,0.059922483
1455,6.034586713
1456,1.970843538
1457,0.322954367
1458,9.32516625
1459,12.11135256
1460,17.23154172
1461,20.68211909
1462,11.20136311
1463,27.60880114
1464,32.70829304
1465,32.38251808
1466,5.336596454
1467,6.665229401
1468,4.474503299
1469,5.183890567
1470,29.04218294
1471,12.62166901
1472,17.18306638
1473,16.93065069
1474,15.26001134
1475,8.566458752
1476,12.85750153
1477,16.19809495
1478,14.11284236
1479,9.572870374
1480,11.48272215
1481,9.125047293
1482,13.15583064
1483,9.183812034
1484,13.3172058
1485,4.382383813
1486,9.302989305
1487,16.07855103
1488,15.61469846
1489,16.35117707
1490,15.65184849
1491,14.42123126
1492,15.37600824
1493,7.194651853
1494,9.302537282
1495,8.679803603
1496,15.19784625
1497,4.078496297
1498,14.57313162
1499,16.14841431
1500,16.1223215
1501,2.633257648
1502,4.482140492
1503,9.906900278
1504,12.28949135
1505,6.022394509
1506,4.710868248
1507,4.060960189
1508,1.662745862
1509,4.752365975
1510,3.711689832
1511,2.538030681
1512,1.483846479
1513,4.587569858
1514,3.512739113
1515,4.654224747
1516,3.561624557
1517,2.178354772
1518,1.545098149
1519,3.886318084
1520,3.360872425
1521,1.629051509
1522,2.70385634
1523,15.26549201
1524,12.6775054
1525,3.705526377
1526,22.02604127
1527,24.39214458
1528,6.900806216
1529,4.140836919
1530,5.649561982
1531,8.057181628
1532,2.333035145
1533,8.791478758
1534,1.983682126
1535,4.337845331
1536,3.120414368
1537,3.426202752
1538,3.278043952
1539,5.108537376
1540,6.952765979
1541,1.517250189
1542,2.452294711
1543,1.34931187
1544,4.378572698
1545,8.50764197
1546,2.126331106
1547,2.58110293
1548,2.989711137
1549,7.471622356
1550,8.876201174
1551,3.346755153
1552,6.55039268
1553,6.824557981
1554,3.871485549
1555,3.189954737
1556,8.574298427
1557,5.678848162
1558,4.0779657
1559,3.871184826
1560,3.948021938
1561,9.747216434
1562,3.902921317
1563,13.07851847
1564,2.00065934
1565,6.993702366
1566,0.974868275
1567,3.678655202
1568,7.944310019
1569,3.084909214
1570,2.856140538
1571,4.35099071
1572,4.501370849
1573,1.625171312
1574,1.334004014
1575,2.060164231
1576,10.18565139
1577,2.500820634
1578,2.595142338
1579,2.965359817
1580,4.601306191
1581,4.088066004
1582,4.245113062
1583,1.703364473
1584,6.239651611
1585,4.722871395
1586,5.287597919
1587,10.82068742
1588,2.1312437
1589,3.09676969
1590,1.362541297
1591,12.15718444
1592,7.564647169
1593,8.1928205
1594,5.60415919
1595,15.41074112
1596,1.378552297
1597,4.165547746
1598,3.779492314
1599,4.669429839
1600,7.599720832
1601,5.327018858
1602,7.214973061
1603,5.957895149
1604,7.659299101
1605,10.0472978
1606,2.405306531
1607,6.836322434
1608,7.377338039
1609,7.439240332
1610,16.80964809
1611,17.14024439
1612,12.20842511
1613,7.827188876
1614,2.772675812
1615,7.97169263
1616,3.127363783
1617,5.010473537
1618,3.052848391
1619,9.319665061
1620,6.261638746
1621,15.1770214
1622,15.19365298
1623,5.234963499
1624,9.001788769
1625,19.85992067
1626,2.479342689
1627,9.309954737
1628,12.54516996
1629,9.657773825
1630,16.65815485
1631,8.448340186
1632,10.71764869
1633,15.87089308
1634,1.738590755
1635,13.81661171
1636,12.12795038
1637,12.27801423
1638,3.469666583
1639,15.77279376
1640,12.80112355
1641,6.342692769
1642,15.94072948
1643,6.431615038
1644,6.472148552
1645,12.89597946
1646,10.9170674
1647,18.55581398
1648,18.16080354
1649,13.9702695
1650,17.60643117
1651,6.10980142
1652,13.51954679
1653,8.467070732
1654,5.828507097
1655,7.330206189
1656,4.251006713
1657,5.763213951
1658,4.316335812
1659,4.771754242
1660,8.105709002
1661,10.56583045
1662,7.833420587
1663,11.55816616
1664,13.33978308
1665,5.130634496
1666,13.29035906
1667,8.197611108
1668,7.695148172
1669,4.549908429
1670,4.214902344
1671,6.702239475
1672,4.012026105
1673,5.003129036
1674,2.948586443
1675,4.403802163
1676,2.237793153
1677,12.14498632
1678,12.4628243
1679,9.817473034
1680,8.82558862
1681,12.32338493
1682,7.036195698
1683,12.8832833
1684,5.795417059
1685,5.508465052
1686,8.837835171
1687,6.855050889
1688,1.614718749
1689,3.815102341
1690,4.557214536
1691,12.65714318
1692,10.91358924
1693,7.335683534
1694,11.9385952
1695,1.335221237
1696,7.153806963
1697,8.133752578
1698,9.973454701
1699,7.273095101
1700,8.357978508
1701,5.853757866
1702,4.011333118
1703,8.077169453
1704,3.836996084
1705,7.508338292
1706,6.741908266
1707,12.08526131
1708,11.28170124
1709,3.742216423
1710,8.124042506
1711,8.778261113
1712,4.655905299
1713,3.246080474
1714,2.835841575
1715,1.700279019
1716,2.046272893
1717,3.0228924
1718,4.760958384
1719,2.927867066
1720,6.190047759
1721,1.396160441
1722,5.66082689
1723,2.562624072
1724,11.75088301
1725,4.0751798
1726,7.766971449
1727,8.186636593
1728,9.946186382
1729,9.385506688
1730,11.22772378
1731,9.302399547
1732,6.97789594
1733,8.15356044
1734,4.411028021
1735,1.78198677
1736,4.772407034
1737,10.17828261
1738,5.381917226
1739,13.27961432
1740,2.889416231
1741,6.523818137
1742,4.566971401
1743,4.657687479
1744,1.051177324
1745,13.55690818
1746,6.160115395
1747,7.986046594
1748,6.168009918
1749,2.806856022
1750,3.691211399
1751,6.64018361
1752,4.206743689
1753,2.352204923
1754,9.219705954
1755,11.53013338
1756,9.425832758
1757,12.18009923
1758,8.649077841
1759,6.643749851
1760,10.51165373
1761,8.638715493
1762,3.858480689
1763,10.64382722
1764,8.207865781
1765,6.69308519
1766,4.469613385
1767,3.433410104
1768,14.3323003
1769,13.3613715
1770,13.45367828
1771,9.867515706
1772,6.129288111
1773,5.013405797
1774,4.472021988
1775,2.894687952
1776,6.701883751
1777,2.91155687
1778,3.169446069
1779,5.917233888
1780,7.206430015
1781,5.325967243
1782,4.961444016
1783,5.934039426
1784,3.074300332
1785,2.467690514
1786,3.862122328
1787,5.606199116
1788,3.324706539
1789,4.654679654
1790,4.58194207
1791,5.985414016
1792,6.279892416
1793,4.048203482
1794,3.736372914
1795,4.773034964
1796,7.572685908
1797,2.520842862
1798,12.64877063
1799,14.33455531
1800,5.178988798
1801,5.071792198
1802,8.308744615
1803,3.535243097
1804,1.753541811
1805,8.559871949
1806,7.690188534
1807,2.988490178
1808,10.63831819
1809,1.77657758
1810,11.4567112
1811,3.140734119
1812,6.58730023
1813,6.158989197
1814,1.960412626
1815,10.09714329
1816,4.064608905
1817,3.877903319
1818,2.700863055
1819,2.851516575
1820,1.860561584
1821,6.235321633
1822,4.245008021
1823,1.569093437
1824,9.605114972
1825,7.208009613
1826,4.312416245
1827,7.776828212
1828,3.462982199
1829,1.911165182
1830,0.955100284
1831,4.750726281
1832,4.584172254
1833,5.460016895
1834,1.608058246
1835,4.834701865
1836,1.758123844
1837,6.381810916
1838,8.734515662
1839,4.989080117
1840,6.287496246
1841,1.996346564
1842,4.956033343
1843,11.59112507
1844,2.176777112
1845,10.5179367
1846,8.050525913
1847,2.946203148
1848,1.810423271
1849,3.820333081
1850,2.669203496
1851,3.789533176
1852,4.688559491
1853,3.143256598
1854,3.716107303
1855,1.148027736
1856,2.65286288
1857,4.535482669
1858,3.434543379
1859,3.04326083
1860,2.096266392
1861,13.89117172
1862,7.708392302
1863,11.36314215
1864,11.70828575
1865,6.979291812
1866,4.145051165
1867,14.08934429
1868,10.2594578
1869,8.04363931
1870,3.192239096
1871,12.40314053
1872,4.282237053
1873,1.130821079
1874,7.74633891
1875,5.226881238
1876,2.014310987
1877,4.482822197
1878,2.893871596
1879,0.992364299
1880,3.55007055
1881,2.386959614
1882,5.958286554
1883,2.91204477
1884,5.76845451
1885,3.19948028
1886,2.344163143
1887,2.857435978
1888,6.093173973
1889,3.65864037
1890,3.750435718
1891,6.678872453
1892,8.958056347
1893,2.767148899
1894,4.339027277
1895,2.780803039
1896,1.854275484
1897,3.073328321
1898,1.420849773
1899,5.717806893
1900,6.07942018
1901,1.820786114
1902,3.180723849
1903,4.984592249
1904,5.914736766
1905,2.745946104
1906,4.208502254
1907,4.711827798
1908,10.03965108
1909,12.98780614
1910,6.139531978
1911,6.097805048
1912,2.075545666
1913,4.922438956
1914,3.489669097
1915,3.737125693
1916,5.106038715
1917,4.280884745
1918,6.816140745
1919,3.236508441
1920,2.472978294
1921,1.421627768
1922,4.852454547
1923,0.884314886
1924,6.206052186
1925,3.267584339
1926,2.484983625
1927,2.295998798
1928,2.653773575
1929,2.223769202
1930,1.321452624
1931,0.564865454
1932,1.419183188
1933,2.403301208
1934,1.744860771
1935,12.07004436
1936,4.3371713
1937,1.204087747
1938,0.778074768
1939,1.980562797
1940,4.894317468
1941,1.353023109
1942,3.068627103
1943,1.490168959
1944,0.769293835
1945,0.479460208
1946,1.538271272
1947,0.571845968
1948,0.988232122
1949,3.157530369
1950,1.346195356
1951,3.80270899
1952,2.540452659
1953,3.618443436
1954,1.346104278
1955,1.125458857
1956,4.408703441
1957,0.501359052
1958,5.51395683
1959,0.825646687
1960,3.038659893
1961,1.876482811
1962,2.476390119
1963,3.206389283
1964,2.4095213
1965,1.907168263
1966,2.485143173
1967,1.655138818
1968,1.996124884
1969,3.279210535
1970,2.739865526
1971,1.254543093
1972,1.914197956
1973,5.588948742
1974,2.158709739
1975,1.465284826
1976,5.829345291
1977,1.466887708
1978,2.573794327
1979,1.18830687
1980,2.658191759
1981,9.669111933
1982,1.999047109
1983,2.018694584
1984,2.855612825
1985,5.885155188
1986,1.462982943
1987,5.306960228
1988,2.735374609
1989,7.681141029
1990,3.205608158
1991,1.308111584
1992,3.698385431
1993,12.31303747
1994,5.286457488
1995,10.47599911
1996,4.85012316
1997,7.63730734
1998,7.329620817
1999,7.799529753
2000,3.356229263
2001,1.881219434
2002,2.824360357
2003,2.360821557
2004,1.952484317
2005,1.164852425
2006,2.386842405
2007,7.047277305
2008,8.073211115
2009,11.69046379
2010,1.103969274
2011,7.67804841
2012,3.264657695
2013,2.42088023
2014,11.12757554
2015,2.696134912
2016,5.254004255
2017,11.68180531
2018,2.635469584
2019,8.926665316
2020,8.425389991
2021,4.435099804
2022,12.11978009
2023,1.421540273
2024,7.722581925
2025,3.207873125
2026,2.319019376
2027,4.733763727
2028,5.397182884
2029,4.265181081
2030,3.365689988
2031,2.351829101
2032,1.338728592
2033,3.940451273
2034,1.590868994
2035,0.509833919
2036,5.172140323
2037,11.71007008
2038,13.15806216
2039,5.714290778
2040,7.224398993
2041,15.48829852
2042,14.07878814
2043,4.925959956
2044,6.553199159
2045,13.27530302
2046,15.11969547
2047,15.50273789
2048,10.05835378
2049,17.29116634
2050,12.56600827
2051,7.932678804
2052,10.2855905
2053,17.54211925
2054,18.01815357
2055,18.94970531
2056,11.89670346
2057,13.84155263
2058,17.91480628
2059,11.84588156
2060,17.4123448
2061,16.95670038
2062,8.430505449
2063,8.276914669
2064,12.38480854
2065,18.62511835
2066,17.0911264
2067,16.5360001
2068,16.77005459
2069,10.96734286
2070,10.48912607
2071,16.48082388
2072,15.44566262
2073,11.36435478
2074,14.64057275
2075,11.48298904
2076,19.5577812
2077,13.58789506
2078,15.31625311
2079,19.83034674
2080,6.093699006
2081,14.86645782
2082,16.33168662
2083,14.79273375
2084,6.248300481
2085,16.11785915
2086,11.02610203
2087,15.48217739
2088,4.325281287
2089,17.99208317
2090,16.44025554
2091,6.51099793
2092,9.63540443
2093,12.5788012
2094,7.672381526
2095,12.16270341
2096,15.40525704
2097,8.010633185
2098,13.22852088
2099,16.42125815
2100,15.02187866
2101,5.829640202
2102,3.70984792
2103,5.011139802
2104,12.38614456
2105,10.58147273
2106,3.152768698
2107,3.612011736
2108,1.945042635
2109,13.28561808
2110,13.26715934
2111,7.575624296
2112,1.519676018
2113,9.372707875
2114,11.98153518
2115,9.64177761
2116,3.72911928
2117,1.352653273
2118,13.23130434
2119,11.30989254
2120,13.90889372
2121,6.729653419
2122,10.4440574
2123,10.71445649
2124,2.511860644
2125,3.07075214
2126,10.46976305
2127,2.122235803
2128,7.447225764
2129,3.808188172
2130,12.41484427
2131,6.562837132
2132,7.352458568
2133,7.80522629
2134,16.4531286
2135,14.19645261
2136,12.72566643
2137,16.54644401
2138,3.936328018
2139,6.319147761
2140,9.118470626
2141,11.34958071
2142,5.208313583
2143,4.310438634
2144,11.04085014
2145,2.970176719
2146,3.166530315
2147,3.022337602
2148,2.698194317
2149,8.189187902
2150,3.875337807
2151,6.597231085
2152,4.397980214
2153,6.686804733
2154,12.47574942
2155,12.97570417
2156,1.787023094
2157,6.304859395
2158,3.109026379
2159,3.828741433
2160,7.89041078
2161,4.096331385
2162,9.297682559
2163,16.50053043
2164,9.829616555
2165,6.452825121
2166,5.382360535
2167,9.109986945
2168,11.40182034
2169,6.105780332
2170,12.79814486
2171,10.59663293
2172,15.77438207
2173,14.67066779
2174,16.15457574
2175,7.720236921
2176,10.30486931
2177,2.856196664
2178,4.558662959
2179,3.441020476
2180,8.732452123
2181,5.858277879
2182,8.778451205
2183,10.16799293
2184,12.92179913
2185,6.1727428
2186,16.40673292
2187,6.27349954
2188,8.025069627
2189,8.521782495
2190,5.481309816
2191,12.80795568
2192,8.455124574
2193,14.47602217
2194,12.05290809
2195,14.84581774
2196,9.630857768
2197,4.613048781
2198,14.49540929
2199,11.94999179
2200,14.2568951
2201,13.77233383
2202,6.382649961
2203,14.4275069
2204,11.5925372
2205,6.5928171
2206,9.452784143
2207,12.38046623
2208,9.158772555
2209,14.10358644
2210,12.19084028
2211,13.06271861
2212,14.16535989
2213,13.84259607
2214,12.20502613
2215,6.093436772
2216,8.60092653
2217,5.652806021
2218,11.75769364
2219,8.704394702
2220,7.896021804
2221,14.08326469
2222,14.81241009
2223,3.465631861
2224,10.53286995
2225,14.56033299
2226,12.80795319
2227,9.763873095
2228,12.8435989
2229,9.573383136
2230,9.08871197
2231,7.653976522
2232,12.5283276
2233,8.980881839
2234,4.357744133
2235,14.33257558
2236,13.30841301
2237,8.379127215
2238,4.658763666
2239,13.41476041
2240,13.06549659
2241,8.744315912
2242,9.393449328
2243,10.94457069
2244,6.86393568
2245,12.77850959
2246,12.53595604
2247,13.45642277
2248,8.552152711
2249,14.25879528
2250,13.76987892